split|model|runs|rmse_mean|rmse_std|mae_mean|mae_std
random|bias_fallback|3|1.0468823834913044|0.005821922661337023|0.8400217910219762|0.004502821532171955
random|global_mean|3|1.131266089078963|0.0043312133815716575|0.9501335733333333|0.003517472240592674
random|item_mean|3|1.0264254140447584|0.005517744517582388|0.82027653008728|0.0058590473021245155
random|mf_with_bias_fallback|3|0.9201294737985112|0.007599320450391103|0.727685515664518|0.0073742295961066184
random|user_mean|3|1.0468823834913044|0.005821922661337023|0.8400217910219762|0.004502821532171955
temporal|bias_fallback|3|1.075937248657949|0.0|0.8697974936222291|0.0
temporal|global_mean|3|1.1399330750640584|0.0|0.969382775|0.0
temporal|item_mean|3|1.0468614918103445|0.0|0.8476349342394386|0.0
temporal|mf_with_bias_fallback|3|1.0361374911110575|0.0017467398869475547|0.834526762902887|0.001677550721363894
temporal|user_mean|3|1.1512100188458063|0.0|0.9717171053852484|0.0
