split|model|coverage_group|n_interactions|rmse|mae|seed
random|bias_fallback|known_user_item|9978|1.0510754609730313|0.8401621313176144|42
random|bias_fallback|unseen_item|22|1.0089894963492803|0.7880305700108816|42
random|mf_with_bias_fallback|known_user_item|9978|0.9203221162725158|0.7250359792894772|42
random|mf_with_bias_fallback|unseen_item|22|1.0089894963492803|0.7880305700108816|42
temporal|bias_fallback|unseen_user|8507|1.0397989074820653|0.838278859453369|42
temporal|bias_fallback|unseen_user_item|75|1.1977850282744118|0.9963883333333333|42
temporal|bias_fallback|unseen_item|74|1.0860097605072685|0.8373432366582417|42
temporal|bias_fallback|known_user_item|1344|1.274730884376517|1.064020948169473|42
temporal|mf_with_bias_fallback|unseen_user|8507|1.0397989074820653|0.838278859453369|42
temporal|mf_with_bias_fallback|unseen_user_item|75|1.1977850282744118|0.9963883333333333|42
temporal|mf_with_bias_fallback|unseen_item|74|1.0860097605072685|0.8373432366582417|42
temporal|mf_with_bias_fallback|known_user_item|1344|1.014877349967834|0.8156346648576713|42
random|bias_fallback|known_user_item|9978|1.0498880421660806|0.8448611716509231|43
random|bias_fallback|unseen_item|22|0.8234291084199593|0.6860251154294225|43
random|mf_with_bias_fallback|known_user_item|9978|0.9277390734311214|0.7360974683159935|43
random|mf_with_bias_fallback|unseen_item|22|0.8234291084199593|0.6860251154294225|43
temporal|bias_fallback|unseen_user|8507|1.0397989074820653|0.838278859453369|43
temporal|bias_fallback|unseen_user_item|75|1.1977850282744118|0.9963883333333333|43
temporal|bias_fallback|unseen_item|74|1.0860097605072685|0.8373432366582417|43
temporal|bias_fallback|known_user_item|1344|1.274730884376517|1.064020948169473|43
temporal|mf_with_bias_fallback|unseen_user|8507|1.0397989074820653|0.838278859453369|43
temporal|mf_with_bias_fallback|unseen_user_item|75|1.1977850282744118|0.9963883333333333|43
temporal|mf_with_bias_fallback|unseen_item|74|1.0860097605072685|0.8373432366582417|43
temporal|mf_with_bias_fallback|known_user_item|1344|0.989356219237719|0.7917651301693349|43
random|bias_fallback|known_user_item|9982|1.0403931355765703|0.8356349371024471|44
random|bias_fallback|unseen_item|18|0.9386628598708888|0.7641136890502169|44
random|mf_with_bias_fallback|known_user_item|9982|0.9122912419729086|0.7218185391951075|44
random|mf_with_bias_fallback|unseen_item|18|0.9386628598708888|0.7641136890502169|44
temporal|bias_fallback|unseen_user|8507|1.0397989074820653|0.838278859453369|44
temporal|bias_fallback|unseen_user_item|75|1.1977850282744118|0.9963883333333333|44
temporal|bias_fallback|unseen_item|74|1.0860097605072685|0.8373432366582417|44
temporal|bias_fallback|known_user_item|1344|1.274730884376517|1.064020948169473|44
temporal|mf_with_bias_fallback|unseen_user|8507|1.0397989074820653|0.838278859453369|44
temporal|mf_with_bias_fallback|unseen_user_item|75|1.1977850282744118|0.9963883333333333|44
temporal|mf_with_bias_fallback|unseen_item|74|1.0860097605072685|0.8373432366582417|44
temporal|mf_with_bias_fallback|known_user_item|1344|0.9948464403008621|0.7973699530675298|44
