epoch|train_loss|val_rmse|val_mae|split
1|11.611731442260742|3.050298135205215|2.8409311372257773|random
2|5.232700915336609|1.4068478077757682|1.1466204729427347|random
3|1.3141467200279235|1.044263072950183|0.8247619325534963|random
4|0.9549957347869873|0.9788813005069695|0.772011340135996|random
5|0.86987605676651|0.9538833254138689|0.753305704117824|random
6|0.8239265947341919|0.9410110476627235|0.7422290899138543|random
7|0.7827068461418152|0.9310328735073015|0.7339210885633048|random
8|0.7389029481887818|0.9237033961724405|0.7278246620888942|random
9|0.6927618167877198|0.9189503195311647|0.7229176056055562|random
10|0.6479241446495057|0.9174518601593087|0.7214353672970566|random
11|0.6038477110862732|0.9172188386844841|0.7197630479081274|random
12|0.5616676193714142|0.9171952526343266|0.7192784893519888|random
13|0.5210128170013427|0.9206381545953087|0.7225633372817373|random
14|0.48200830326080324|0.9240156086511554|0.7250509888273954|random
15|0.4452249116897583|0.9272486918734976|0.7270081827971744|random
16|0.41130788707733157|0.9336255291807263|0.7309779680283484|random
17|0.379128133392334|0.9404099387525258|0.7366792238605612|random
18|0.35019745607376096|0.9456256928294376|0.7403194725240385|random
19|0.3231285578727722|0.9535893134801956|0.7458536206121056|random
20|0.29862920651435854|0.959410632323795|0.7506914893640871|random
