split|model|n_interactions|rmse|mae|seed
random|global_mean|10000|1.135230009802529|0.9517538525|42
random|user_mean|10000|1.0509847216080994|0.8400474418827396|42
random|item_mean|10000|1.0292454630019534|0.8191301626933402|42
random|bias_fallback|10000|1.0509847216080994|0.8400474418827396|42
random|mf_with_bias_fallback|10000|0.9205265586139361|0.7251745673890642|42
temporal|global_mean|10000|1.1399330750640584|0.969382775|42
temporal|user_mean|10000|1.1512100188458063|0.9717171053852482|42
temporal|item_mean|10000|1.0468614918103445|0.8476349342394387|42
temporal|bias_fallback|10000|1.075937248657949|0.8697974936222292|42
temporal|mf_with_bias_fallback|10000|1.0381126932037021|0.8364143771451229|42
random|global_mean|10000|1.1319251339670173|0.9525488999999999|43
random|user_mean|10000|1.049443469841729|0.8445117323272358|43
random|item_mean|10000|1.0299632171167714|0.8266240376959398|43
random|bias_fallback|10000|1.049443469841729|0.8445117323272358|43
random|mf_with_bias_fallback|10000|0.9275224670750164|0.735987309139643|43
temporal|global_mean|10000|1.1399330750640584|0.969382775|43
temporal|user_mean|10000|1.1512100188458063|0.9717171053852482|43
temporal|item_mean|10000|1.0468614918103445|0.8476349342394387|43
temporal|bias_fallback|10000|1.075937248657949|0.8697974936222292|43
temporal|mf_with_bias_fallback|10000|1.0347962903580576|0.8332063116830104|43
random|global_mean|10000|1.1266431234673426|0.9460979674999999|44
random|user_mean|10000|1.040218959024085|0.8355061988559531|44
random|item_mean|10000|1.0200675620155508|0.8150753898725596|44
random|bias_fallback|10000|1.040218959024085|0.8355061988559531|44
random|mf_with_bias_fallback|10000|0.9123393957065808|0.7218946704648467|44
temporal|global_mean|10000|1.1399330750640584|0.969382775|44
temporal|user_mean|10000|1.1512100188458063|0.9717171053852482|44
temporal|item_mean|10000|1.0468614918103445|0.8476349342394387|44
temporal|bias_fallback|10000|1.075937248657949|0.8697974936222292|44
temporal|mf_with_bias_fallback|10000|1.0355034897714126|0.8339595998805278|44
