epoch|train_loss|val_rmse|val_mae|split|seed
1|11.627482957458495|3.0789267325159972|2.8677498213842303|random|43
2|5.638799699211121|1.4842237105764513|1.218188750702059|random|43
3|1.3573602445602417|1.063890766207677|0.8412610310232472|random|43
4|0.9489697698593139|0.9871731838854563|0.7794130426669169|random|43
5|0.857008747291565|0.960895213703396|0.7582538140859298|random|43
6|0.8084366247177124|0.9456505970418296|0.7460635955144982|random|43
7|0.7659180328369141|0.9350401288224411|0.7377112086765274|random|43
8|0.7246856870651245|0.9268525293855849|0.730372805788904|random|43
9|0.6839052305221558|0.9214159925233917|0.7264840566801404|random|43
10|0.6425780325889587|0.9199679892071821|0.7251737281471072|random|43
11|0.6016413926124573|0.9181845519505623|0.7245588030688509|random|43
12|0.5605026029586792|0.9194828148752555|0.7247916643151301|random|43
13|0.5205320915222168|0.92138083350532|0.7254067390918254|random|43
14|0.4815888114452362|0.9236991654108714|0.7272339007688429|random|43
